{"cameraMode":{"drawMode":0,"name":"Shaded","section":"Shading Mode"},"sceneLighting":false,"audioPlay":false,"sceneViewState":{"showFog":true,"showMaterialUpdate":false,"showSkybox":false,"showFlares":true,"showImageEffects":true,"showParticleSystems":true},"in2DMode":false,"pivot":{"x":0.1703396439552307,"y":0.1567343920469284,"z":0.053941816091537479},"rotation":{"x":-0.20325905084609986,"y":0.698223352432251,"z":-0.65086829662323,"w":-0.21805648505687715},"size":0.5490294694900513,"orthographic":true}